event_date,feature,unique_users
2025-10-27,auth,2
2025-10-27,collaboration,1
2025-10-27,comments,2
2025-10-27,components,2
2025-10-27,editor,2
2025-10-27,file_create,1
2025-10-27,file_open,2
2025-10-27,plugins,2
2025-10-27,sharing,1
2025-10-28,auth,4
2025-10-28,collaboration,1
2025-10-28,comments,1
2025-10-28,components,4
2025-10-28,editor,2
2025-10-28,file_open,4
2025-10-28,plugins,1
2025-10-28,versioning,1
2025-10-29,auth,11
2025-10-29,collaboration,4
2025-10-29,comments,5
2025-10-29,components,5
2025-10-29,editor,6
2025-10-29,export,4
2025-10-29,file_create,5
2025-10-29,file_open,11
2025-10-29,plugins,2
2025-10-29,sharing,3
2025-10-29,versioning,1
2025-10-30,auth,17
2025-10-30,collaboration,4
2025-10-30,comments,7
2025-10-30,components,4
2025-10-30,editor,8
2025-10-30,export,2
2025-10-30,file_create,5
2025-10-30,file_open,17
2025-10-30,plugins,4
2025-10-30,sharing,4
2025-10-30,versioning,1
2025-10-31,auth,35
2025-10-31,collaboration,8
2025-10-31,comments,19
2025-10-31,components,15
2025-10-31,editor,30
2025-10-31,export,11
2025-10-31,file_create,17
2025-10-31,file_open,35
2025-10-31,plugins,8
2025-10-31,sharing,12
2025-10-31,versioning,5
2025-11-01,auth,34
2025-11-01,collaboration,5
2025-11-01,comments,12
2025-11-01,components,10
2025-11-01,editor,22
2025-11-01,export,8
2025-11-01,file_create,13
2025-11-01,file_open,34
2025-11-01,plugins,7
2025-11-01,sharing,7
2025-11-01,versioning,5
2025-11-02,auth,43
2025-11-02,collaboration,10
2025-11-02,comments,18
2025-11-02,components,16
2025-11-02,editor,30
2025-11-02,export,11
2025-11-02,file_create,16
2025-11-02,file_open,43
2025-11-02,plugins,8
2025-11-02,sharing,11
2025-11-02,versioning,3
2025-11-03,auth,47
2025-11-03,collaboration,9
2025-11-03,comments,23
2025-11-03,components,13
2025-11-03,editor,32
2025-11-03,export,10
2025-11-03,file_create,19
2025-11-03,file_open,47
2025-11-03,plugins,13
2025-11-03,sharing,16
2025-11-03,versioning,4
2025-11-04,auth,55
2025-11-04,collaboration,17
2025-11-04,comments,29
2025-11-04,components,19
2025-11-04,editor,39
2025-11-04,export,19
2025-11-04,file_create,26
2025-11-04,file_open,55
2025-11-04,plugins,10
2025-11-04,sharing,16
2025-11-04,versioning,7
2025-11-05,auth,44
2025-11-05,collaboration,9
2025-11-05,comments,28
2025-11-05,components,9
2025-11-05,editor,32
2025-11-05,export,13
2025-11-05,file_create,20
2025-11-05,file_open,44
2025-11-05,plugins,15
2025-11-05,sharing,10
2025-11-05,versioning,3
2025-11-06,auth,56
2025-11-06,collaboration,14
2025-11-06,comments,27
2025-11-06,components,18
2025-11-06,editor,44
2025-11-06,export,16
2025-11-06,file_create,23
2025-11-06,file_open,56
2025-11-06,plugins,15
2025-11-06,sharing,9
2025-11-06,versioning,7
2025-11-07,auth,70
2025-11-07,collaboration,16
2025-11-07,comments,29
2025-11-07,components,26
2025-11-07,editor,56
2025-11-07,export,17
2025-11-07,file_create,24
2025-11-07,file_open,70
2025-11-07,plugins,15
2025-11-07,sharing,23
2025-11-07,versioning,10
2025-11-08,auth,58
2025-11-08,collaboration,12
2025-11-08,comments,28
2025-11-08,components,19
2025-11-08,editor,46
2025-11-08,export,22
2025-11-08,file_create,22
2025-11-08,file_open,59
2025-11-08,plugins,14
2025-11-08,sharing,18
2025-11-08,versioning,8
2025-11-09,auth,66
2025-11-09,collaboration,16
2025-11-09,comments,27
2025-11-09,components,20
2025-11-09,editor,53
2025-11-09,export,13
2025-11-09,file_create,22
2025-11-09,file_open,66
2025-11-09,plugins,19
2025-11-09,sharing,23
2025-11-09,versioning,8
2025-11-10,auth,63
2025-11-10,collaboration,19
2025-11-10,comments,33
2025-11-10,components,17
2025-11-10,editor,45
2025-11-10,export,17
2025-11-10,file_create,10
2025-11-10,file_open,63
2025-11-10,plugins,14
2025-11-10,sharing,21
2025-11-10,versioning,9
2025-11-11,auth,67
2025-11-11,collaboration,9
2025-11-11,comments,27
2025-11-11,components,17
2025-11-11,editor,48
2025-11-11,export,19
2025-11-11,file_create,25
2025-11-11,file_open,67
2025-11-11,plugins,16
2025-11-11,sharing,21
2025-11-11,versioning,7
2025-11-12,auth,77
2025-11-12,collaboration,23
2025-11-12,comments,36
2025-11-12,components,22
2025-11-12,editor,58
2025-11-12,export,19
2025-11-12,file_create,27
2025-11-12,file_open,77
2025-11-12,plugins,25
2025-11-12,sharing,17
2025-11-12,versioning,14
2025-11-13,auth,86
2025-11-13,collaboration,18
2025-11-13,comments,45
2025-11-13,components,27
2025-11-13,editor,72
2025-11-13,export,28
2025-11-13,file_create,37
2025-11-13,file_open,86
2025-11-13,plugins,25
2025-11-13,sharing,24
2025-11-13,versioning,13
2025-11-14,auth,78
2025-11-14,collaboration,18
2025-11-14,comments,40
2025-11-14,components,27
2025-11-14,editor,65
2025-11-14,export,27
2025-11-14,file_create,39
2025-11-14,file_open,78
2025-11-14,plugins,21
2025-11-14,sharing,29
2025-11-14,versioning,9
2025-11-15,auth,101
2025-11-15,collaboration,25
2025-11-15,comments,49
2025-11-15,components,33
2025-11-15,editor,79
2025-11-15,export,41
2025-11-15,file_create,45
2025-11-15,file_open,101
2025-11-15,plugins,29
2025-11-15,sharing,28
2025-11-15,versioning,22
2025-11-16,auth,80
2025-11-16,collaboration,23
2025-11-16,comments,38
2025-11-16,components,30
2025-11-16,editor,61
2025-11-16,export,27
2025-11-16,file_create,29
2025-11-16,file_open,80
2025-11-16,plugins,20
2025-11-16,sharing,22
2025-11-16,versioning,10
2025-11-17,auth,107
2025-11-17,collaboration,27
2025-11-17,comments,63
2025-11-17,components,37
2025-11-17,editor,78
2025-11-17,export,31
2025-11-17,file_create,37
2025-11-17,file_open,108
2025-11-17,plugins,31
2025-11-17,sharing,33
2025-11-17,versioning,14
2025-11-18,auth,96
2025-11-18,collaboration,24
2025-11-18,comments,42
2025-11-18,components,35
2025-11-18,editor,68
2025-11-18,export,34
2025-11-18,file_create,43
2025-11-18,file_open,96
2025-11-18,plugins,27
2025-11-18,sharing,24
2025-11-18,versioning,12
2025-11-19,auth,90
2025-11-19,collaboration,22
2025-11-19,comments,47
2025-11-19,components,34
2025-11-19,editor,68
2025-11-19,export,26
2025-11-19,file_create,34
2025-11-19,file_open,90
2025-11-19,plugins,29
2025-11-19,sharing,27
2025-11-19,versioning,13
2025-11-20,auth,108
2025-11-20,collaboration,29
2025-11-20,comments,56
2025-11-20,components,39
2025-11-20,editor,87
2025-11-20,export,42
2025-11-20,file_create,46
2025-11-20,file_open,108
2025-11-20,plugins,32
2025-11-20,sharing,35
2025-11-20,versioning,14
2025-11-21,auth,123
2025-11-21,collaboration,32
2025-11-21,comments,58
2025-11-21,components,38
2025-11-21,editor,96
2025-11-21,export,33
2025-11-21,file_create,48
2025-11-21,file_open,123
2025-11-21,plugins,26
2025-11-21,sharing,41
2025-11-21,versioning,16
2025-11-22,auth,121
2025-11-22,collaboration,32
2025-11-22,comments,64
2025-11-22,components,37
2025-11-22,editor,100
2025-11-22,export,31
2025-11-22,file_create,57
2025-11-22,file_open,121
2025-11-22,plugins,32
2025-11-22,sharing,38
2025-11-22,versioning,17
2025-11-23,auth,107
2025-11-23,collaboration,32
2025-11-23,comments,53
2025-11-23,components,35
2025-11-23,editor,81
2025-11-23,export,42
2025-11-23,file_create,38
2025-11-23,file_open,107
2025-11-23,plugins,30
2025-11-23,sharing,41
2025-11-23,versioning,14
2025-11-24,auth,131
2025-11-24,collaboration,27
2025-11-24,comments,57
2025-11-24,components,45
2025-11-24,editor,105
2025-11-24,export,46
2025-11-24,file_create,55
2025-11-24,file_open,131
2025-11-24,plugins,42
2025-11-24,sharing,44
2025-11-24,versioning,21
2025-11-25,auth,139
2025-11-25,collaboration,31
2025-11-25,comments,73
2025-11-25,components,44
2025-11-25,editor,112
2025-11-25,export,41
2025-11-25,file_create,56
2025-11-25,file_open,138
2025-11-25,plugins,27
2025-11-25,sharing,45
2025-11-25,versioning,25
2025-11-26,auth,146
2025-11-26,collaboration,46
2025-11-26,comments,77
2025-11-26,components,57
2025-11-26,editor,121
2025-11-26,export,43
2025-11-26,file_create,70
2025-11-26,file_open,147
2025-11-26,plugins,37
2025-11-26,sharing,48
2025-11-26,versioning,21
2025-11-27,auth,153
2025-11-27,collaboration,42
2025-11-27,comments,79
2025-11-27,components,53
2025-11-27,editor,118
2025-11-27,export,53
2025-11-27,file_create,65
2025-11-27,file_open,153
2025-11-27,plugins,36
2025-11-27,sharing,48
2025-11-27,versioning,33
2025-11-28,auth,138
2025-11-28,collaboration,33
2025-11-28,comments,66
2025-11-28,components,56
2025-11-28,editor,108
2025-11-28,export,40
2025-11-28,file_create,54
2025-11-28,file_open,138
2025-11-28,plugins,40
2025-11-28,sharing,44
2025-11-28,versioning,20
2025-11-29,auth,109
2025-11-29,collaboration,33
2025-11-29,comments,47
2025-11-29,components,30
2025-11-29,editor,86
2025-11-29,export,37
2025-11-29,file_create,49
2025-11-29,file_open,108
2025-11-29,plugins,20
2025-11-29,sharing,32
2025-11-29,versioning,15
2025-11-30,auth,142
2025-11-30,collaboration,38
2025-11-30,comments,68
2025-11-30,components,54
2025-11-30,editor,113
2025-11-30,export,45
2025-11-30,file_create,63
2025-11-30,file_open,143
2025-11-30,plugins,36
2025-11-30,sharing,56
2025-11-30,versioning,31
2025-12-01,auth,148
2025-12-01,collaboration,43
2025-12-01,comments,70
2025-12-01,components,62
2025-12-01,editor,119
2025-12-01,export,40
2025-12-01,file_create,59
2025-12-01,file_open,148
2025-12-01,plugins,39
2025-12-01,sharing,44
2025-12-01,versioning,21
2025-12-02,auth,137
2025-12-02,collaboration,31
2025-12-02,comments,59
2025-12-02,components,46
2025-12-02,editor,99
2025-12-02,export,36
2025-12-02,file_create,58
2025-12-02,file_open,137
2025-12-02,plugins,45
2025-12-02,sharing,40
2025-12-02,versioning,18
2025-12-03,auth,157
2025-12-03,collaboration,40
2025-12-03,comments,79
2025-12-03,components,49
2025-12-03,editor,125
2025-12-03,export,46
2025-12-03,file_create,62
2025-12-03,file_open,157
2025-12-03,plugins,41
2025-12-03,sharing,48
2025-12-03,versioning,22
2025-12-04,auth,141
2025-12-04,collaboration,33
2025-12-04,comments,66
2025-12-04,components,46
2025-12-04,editor,107
2025-12-04,export,47
2025-12-04,file_create,61
2025-12-04,file_open,139
2025-12-04,plugins,40
2025-12-04,sharing,45
2025-12-04,versioning,19
2025-12-05,auth,154
2025-12-05,collaboration,41
2025-12-05,comments,71
2025-12-05,components,56
2025-12-05,editor,120
2025-12-05,export,51
2025-12-05,file_create,66
2025-12-05,file_open,155
2025-12-05,plugins,40
2025-12-05,sharing,48
2025-12-05,versioning,17
2025-12-06,auth,158
2025-12-06,collaboration,40
2025-12-06,comments,72
2025-12-06,components,63
2025-12-06,editor,132
2025-12-06,export,52
2025-12-06,file_create,64
2025-12-06,file_open,158
2025-12-06,plugins,38
2025-12-06,sharing,45
2025-12-06,versioning,18
2025-12-07,auth,144
2025-12-07,collaboration,35
2025-12-07,comments,67
2025-12-07,components,55
2025-12-07,editor,111
2025-12-07,export,46
2025-12-07,file_create,65
2025-12-07,file_open,144
2025-12-07,plugins,41
2025-12-07,sharing,59
2025-12-07,versioning,22
2025-12-08,auth,176
2025-12-08,collaboration,54
2025-12-08,comments,91
2025-12-08,components,61
2025-12-08,editor,133
2025-12-08,export,50
2025-12-08,file_create,75
2025-12-08,file_open,176
2025-12-08,plugins,38
2025-12-08,sharing,52
2025-12-08,versioning,26
2025-12-09,auth,157
2025-12-09,collaboration,40
2025-12-09,comments,85
2025-12-09,components,57
2025-12-09,editor,135
2025-12-09,export,53
2025-12-09,file_create,61
2025-12-09,file_open,157
2025-12-09,plugins,42
2025-12-09,sharing,56
2025-12-09,versioning,24
2025-12-10,auth,177
2025-12-10,collaboration,51
2025-12-10,comments,83
2025-12-10,components,56
2025-12-10,editor,134
2025-12-10,export,51
2025-12-10,file_create,87
2025-12-10,file_open,177
2025-12-10,plugins,52
2025-12-10,sharing,46
2025-12-10,versioning,32
2025-12-11,auth,156
2025-12-11,collaboration,30
2025-12-11,comments,75
2025-12-11,components,55
2025-12-11,editor,108
2025-12-11,export,46
2025-12-11,file_create,65
2025-12-11,file_open,156
2025-12-11,plugins,35
2025-12-11,sharing,47
2025-12-11,versioning,15
2025-12-12,auth,147
2025-12-12,collaboration,37
2025-12-12,comments,70
2025-12-12,components,58
2025-12-12,editor,122
2025-12-12,export,44
2025-12-12,file_create,70
2025-12-12,file_open,147
2025-12-12,plugins,39
2025-12-12,sharing,39
2025-12-12,versioning,22
2025-12-13,auth,162
2025-12-13,collaboration,41
2025-12-13,comments,76
2025-12-13,components,56
2025-12-13,editor,125
2025-12-13,export,54
2025-12-13,file_create,62
2025-12-13,file_open,161
2025-12-13,plugins,42
2025-12-13,sharing,53
2025-12-13,versioning,22
2025-12-14,auth,185
2025-12-14,collaboration,63
2025-12-14,comments,85
2025-12-14,components,69
2025-12-14,editor,149
2025-12-14,export,58
2025-12-14,file_create,85
2025-12-14,file_open,185
2025-12-14,plugins,42
2025-12-14,sharing,64
2025-12-14,versioning,29
2025-12-15,auth,181
2025-12-15,collaboration,74
2025-12-15,comments,91
2025-12-15,components,82
2025-12-15,editor,149
2025-12-15,export,62
2025-12-15,file_create,86
2025-12-15,file_open,181
2025-12-15,plugins,57
2025-12-15,sharing,64
2025-12-15,versioning,24
2025-12-16,auth,175
2025-12-16,collaboration,52
2025-12-16,comments,92
2025-12-16,components,60
2025-12-16,editor,145
2025-12-16,export,55
2025-12-16,file_create,85
2025-12-16,file_open,175
2025-12-16,plugins,52
2025-12-16,sharing,56
2025-12-16,versioning,24
2025-12-17,auth,169
2025-12-17,collaboration,39
2025-12-17,comments,90
2025-12-17,components,50
2025-12-17,editor,139
2025-12-17,export,60
2025-12-17,file_create,67
2025-12-17,file_open,169
2025-12-17,plugins,43
2025-12-17,sharing,55
2025-12-17,versioning,26
2025-12-18,auth,182
2025-12-18,collaboration,46
2025-12-18,comments,96
2025-12-18,components,58
2025-12-18,editor,142
2025-12-18,export,67
2025-12-18,file_create,76
2025-12-18,file_open,182
2025-12-18,plugins,46
2025-12-18,sharing,49
2025-12-18,versioning,27
2025-12-19,auth,185
2025-12-19,collaboration,45
2025-12-19,comments,104
2025-12-19,components,79
2025-12-19,editor,146
2025-12-19,export,54
2025-12-19,file_create,80
2025-12-19,file_open,186
2025-12-19,plugins,53
2025-12-19,sharing,66
2025-12-19,versioning,34
2025-12-20,auth,159
2025-12-20,collaboration,51
2025-12-20,comments,81
2025-12-20,components,57
2025-12-20,editor,120
2025-12-20,export,52
2025-12-20,file_create,66
2025-12-20,file_open,159
2025-12-20,plugins,41
2025-12-20,sharing,41
2025-12-20,versioning,34
2025-12-21,auth,180
2025-12-21,collaboration,42
2025-12-21,comments,84
2025-12-21,components,58
2025-12-21,editor,145
2025-12-21,export,59
2025-12-21,file_create,77
2025-12-21,file_open,179
2025-12-21,plugins,41
2025-12-21,sharing,53
2025-12-21,versioning,19
2025-12-22,auth,193
2025-12-22,collaboration,53
2025-12-22,comments,95
2025-12-22,components,65
2025-12-22,editor,150
2025-12-22,export,62
2025-12-22,file_create,85
2025-12-22,file_open,194
2025-12-22,plugins,47
2025-12-22,sharing,57
2025-12-22,versioning,29
2025-12-23,auth,194
2025-12-23,collaboration,61
2025-12-23,comments,96
2025-12-23,components,68
2025-12-23,editor,152
2025-12-23,export,64
2025-12-23,file_create,86
2025-12-23,file_open,194
2025-12-23,plugins,54
2025-12-23,sharing,68
2025-12-23,versioning,32
2025-12-24,auth,185
2025-12-24,collaboration,55
2025-12-24,comments,89
2025-12-24,components,71
2025-12-24,editor,159
2025-12-24,export,58
2025-12-24,file_create,93
2025-12-24,file_open,185
2025-12-24,plugins,51
2025-12-24,sharing,64
2025-12-24,versioning,27
2025-12-25,auth,168
2025-12-25,collaboration,35
2025-12-25,comments,85
2025-12-25,components,58
2025-12-25,editor,118
2025-12-25,export,59
2025-12-25,file_create,68
2025-12-25,file_open,168
2025-12-25,plugins,39
2025-12-25,sharing,48
2025-12-25,versioning,21
2025-12-26,auth,34
2025-12-26,collaboration,8
2025-12-26,comments,15
2025-12-26,components,13
2025-12-26,editor,29
2025-12-26,export,9
2025-12-26,file_create,17
2025-12-26,file_open,34
2025-12-26,plugins,9
2025-12-26,sharing,15
2025-12-26,versioning,5
2025-12-27,auth,5
2025-12-27,comments,1
2025-12-27,components,1
2025-12-27,editor,4
2025-12-27,export,1
2025-12-27,file_create,2
2025-12-27,file_open,5
2025-12-27,plugins,2
2025-12-27,sharing,1
2025-12-27,versioning,2
